Game name;Game genre;Rating;Game developer;Game developer website;Game publisher;Game publisher website;Current players;24h peak players;all-time peak players
PUBG: BATTLEGROUNDS;Survival Shooter Battle Royale Multiplayer;56.97%;KRAFTON, Inc.;https://steamdb.info/https://steamdb.info/developer/KRAFTON%2C+Inc./;does not exist;does not exist;431233;431233;3257248
Counter-Strike: Global Offensive;FPS Shooter Multiplayer Competitive Action;88.07%;"Valve; Hidden Path Entertainment";"https://steamdb.info/https://steamdb.info/developer/Valve/; https://steamdb.info/https://steamdb.info/developer/Hidden+Path+Entertainment/";Valve;https://steamdb.info/https://steamdb.info/publisher/Valve/;1342890;1420183;1420183
Lost Ark;MMORPG Free to Play Action RPG Multiplayer;71.32%;Smilegate RPG;https://steamdb.info/https://steamdb.info/developer/Smilegate+RPG/;Amazon Games;https://steamdb.info/https://steamdb.info/publisher/Amazon+Games/;119222;143495;1325305
Dota 2;Free to Play MOBA Multiplayer Strategy eSports;82.23%;Valve;https://steamdb.info/https://steamdb.info/developer/Valve/;does not exist;does not exist;724017;750067;1295114
Cyberpunk 2077;Cyberpunk Open World Nudity RPG Singleplayer;77.43%;CD PROJEKT RED;https://steamdb.info/https://steamdb.info/developer/CD+PROJEKT+RED/;does not exist;does not exist;17259;17689;1054388
ELDEN RING;Souls-like Dark Fantasy RPG Open World Difficult;90.99%;FromSoftware Inc.;https://steamdb.info/https://steamdb.info/developer/FromSoftware+Inc./;"FromSoftware Inc.; Bandai Namco Entertainment";"https://steamdb.info/https://steamdb.info/publisher/FromSoftware+Inc./; https://steamdb.info/https://steamdb.info/publisher/Bandai+Namco+Entertainment/";65322;70523;953426
New World;Massively Multiplayer Open World MMORPG;69.40%;Amazon Games;https://steamdb.info/https://steamdb.info/developer/Amazon+Games/;does not exist;does not exist;17709;21724;913634
Hogwarts Legacy;Magic Fantasy Open World Singleplayer Adventure;91.80%;Avalanche Software;https://steamdb.info/https://steamdb.info/developer/Avalanche+Software/;Warner Bros. Games;https://steamdb.info/https://steamdb.info/publisher/Warner+Bros.+Games/;119089;130990;879308
Goose Goose Duck;Free to Play Multiplayer PvP Character Customization;86.05%;does not exist;does not exist;does not exist;does not exist;124132;165381;702845
Apex Legends;Free to Play Multiplayer Battle Royale Shooter;82.49%;Respawn Entertainment;https://steamdb.info/https://steamdb.info/developer/Respawn+Entertainment/;Electronic Arts;https://steamdb.info/https://steamdb.info/publisher/Electronic+Arts/;558387;605171;624473
Valheim;Open World Survival Craft Survival Online Co-Op;94.03%;Iron Gate AB;https://steamdb.info/https://steamdb.info/developer/Iron+Gate+AB/;Coffee Stain Publishing;https://steamdb.info/https://steamdb.info/publisher/Coffee+Stain+Publishing/;33319;44772;502387
Call of Duty®: Modern Warfare® II | Warzone™ 2.0;FPS Action Multiplayer Shooter Singleplayer;61.68%;"Infinity Ward; Raven Software; Beenox; Treyarch; High Moon Studios; Sledgehammer Games; Activision Shanghai; Demonware; Toys for Bob";"https://steamdb.info/https://steamdb.info/developer/Infinity+Ward/; https://steamdb.info/https://steamdb.info/developer/Raven+Software/; https://steamdb.info/https://steamdb.info/developer/Beenox/; https://steamdb.info/https://steamdb.info/developer/Treyarch/; https://steamdb.info/https://steamdb.info/developer/High+Moon+Studios/; https://steamdb.info/https://steamdb.info/developer/Sledgehammer+Games/; https://steamdb.info/https://steamdb.info/developer/Activision+Shanghai/; https://steamdb.info/https://steamdb.info/developer/Demonware/; https://steamdb.info/https://steamdb.info/developer/Toys+for+Bob/";Activision;https://steamdb.info/https://steamdb.info/publisher/Activision/;118776;123864;491670
Terraria;Open World Survival Craft Sandbox Survival;97.06%;Re-Logic;https://steamdb.info/https://steamdb.info/developer/Re-Logic/;does not exist;does not exist;42092;46967;489886
Capcom Arcade Stadium;Action Arcade Free to Play 2D Platformer 1990's;52.36%;CAPCOM Co., Ltd.;https://steamdb.info/https://steamdb.info/developer/CAPCOM+Co.%2C+Ltd./;does not exist;does not exist;52;102;488791
Fallout 4;Open World Post-apocalyptic Singleplayer Exploration;81.38%;Bethesda Game Studios;https://steamdb.info/https://steamdb.info/developer/Bethesda+Game+Studios/;Bethesda Softworks;https://steamdb.info/https://steamdb.info/publisher/Bethesda+Softworks/;17374;20407;472962
Life is Strange 2;Choices Matter Story Rich Adventure Singleplayer;83.45%;"DONTNOD Entertainment; Feral Interactive (Mac); Feral Interactive (Linux)";"https://steamdb.info/https://steamdb.info/developer/DONTNOD+Entertainment/; https://steamdb.info/https://steamdb.info/developer/Feral+Interactive+%28Mac%29/; https://steamdb.info/https://steamdb.info/developer/Feral+Interactive+%28Linux%29/";"Square Enix; Feral Interactive (Mac); Feral Interactive (Linux)";"https://steamdb.info/https://steamdb.info/publisher/Square+Enix/; https://steamdb.info/https://steamdb.info/publisher/Feral+Interactive+%28Mac%29/; https://steamdb.info/https://steamdb.info/publisher/Feral+Interactive+%28Linux%29/";134;189;468717
Capcom Arcade 2nd Stadium;Action Arcade 2D Platformer 2D Fighter Side Scroller;63.93%;CAPCOM Co., Ltd.;https://steamdb.info/https://steamdb.info/developer/CAPCOM+Co.%2C+Ltd./;does not exist;does not exist;39;294;463928
Among Us;Multiplayer Online Co-Op Social Deduction Space;91.07%;Innersloth;https://steamdb.info/https://steamdb.info/developer/Innersloth/;does not exist;does not exist;5639;9799;447476
Sons Of The Forest;Survival Horror Multiplayer Survival Open World;81.34%;Endnight Games Ltd;https://steamdb.info/https://steamdb.info/developer/Endnight+Games+Ltd/;Newnight;https://steamdb.info/https://steamdb.info/publisher/Newnight+/;107798;127513;414257
POSTAL;Horror Top-Down Shooter Twin Stick Shooter;85.44%;Running With Scissors;https://steamdb.info/https://steamdb.info/developer/Running+With+Scissors/;does not exist;does not exist;24;36;412063
World of Warships;Naval Combat Free to Play Naval World War II;79.74%;Wargaming Group Limited;https://steamdb.info/https://steamdb.info/developer/Wargaming+Group+Limited/;does not exist;does not exist;12289;12770;411338
Grand Theft Auto V;Open World Action Multiplayer Crime Automobile Sim;85.15%;Rockstar North;https://steamdb.info/https://steamdb.info/developer/Rockstar+North/;Rockstar Games;https://steamdb.info/https://steamdb.info/publisher/Rockstar+Games/;153499;160472;364548
HITMAN™ 2;Stealth Assassin Action Singleplayer Third Person;89.86%;IO Interactive A/S;https://steamdb.info/https://steamdb.info/developer/IO+Interactive+A%2FS/;does not exist;does not exist;724;791;361001
Kathy Rain;Point & Click Adventure Pixel Graphics Female Protagonist;88.85%;Clifftop Games;https://steamdb.info/https://steamdb.info/developer/Clifftop+Games/;Raw Fury;https://steamdb.info/https://steamdb.info/publisher/Raw+Fury/;5;7;348015
Monster Hunter: World;Co-op Multiplayer Action Open World RPG;85.33%;CAPCOM Co., Ltd.;https://steamdb.info/https://steamdb.info/developer/CAPCOM+Co.%2C+Ltd./;does not exist;does not exist;43485;45218;334684
PUBG: Test Server;Action Shooter Colorful PvP Multiplayer;does not exist;KRAFTON, Inc.;https://steamdb.info/https://steamdb.info/developer/KRAFTON%2C+Inc./;does not exist;does not exist;241;277;320178
Counter-Strike;Action FPS Multiplayer Shooter Classic Team-Based;96.34%;Valve;https://steamdb.info/https://steamdb.info/developer/Valve/;does not exist;does not exist;12817;15443;319586
Destiny 2;Free to Play Open World FPS Looter Shooter;82.67%;Bungie;https://steamdb.info/https://steamdb.info/developer/Bungie/;Bungie;https://steamdb.info/https://steamdb.info/publisher/Bungie+/;138838;221481;316750
The Elder Scrolls V: Skyrim;Open World RPG Fantasy Adventure Dragons;93.87%;Bethesda Game Studios;https://steamdb.info/https://steamdb.info/developer/Bethesda+Game+Studios/;Bethesda Softworks;https://steamdb.info/https://steamdb.info/publisher/Bethesda+Softworks/;3641;4024;287411
Dying Light 2;Co-op Open World Zombies Parkour Multiplayer;78.07%;Techland;https://steamdb.info/https://steamdb.info/developer/Techland/;does not exist;does not exist;6686;6758;274983
Halo Infinite;Free to Play FPS Multiplayer Shooter Action;69.83%;343 Industries;https://steamdb.info/https://steamdb.info/developer/343+Industries/;Xbox Game Studios;https://steamdb.info/https://steamdb.info/publisher/Xbox+Game+Studios/;3439;8831;272586
KHOLAT;Horror Atmospheric Walking Simulator Survival Horror;66.05%;IMGN.PRO;https://steamdb.info/https://steamdb.info/developer/IMGN.PRO/;does not exist;does not exist;11;13;272019
Yu-Gi-Oh! Master Duel;Card Game Free to Play Strategy Trading Card Game;76.14%;Konami Digital Entertainment;https://steamdb.info/https://steamdb.info/developer/Konami+Digital+Entertainment/;does not exist;does not exist;33184;36398;262689
ARK: Survival Evolved;Open World Survival Craft Survival Open World;82.52%;"Studio Wildcard; Instinct Games; Efecto Studios; Virtual Basement LLC";"https://steamdb.info/https://steamdb.info/developer/Studio+Wildcard/; https://steamdb.info/https://steamdb.info/developer/Instinct+Games/; https://steamdb.info/https://steamdb.info/developer/Efecto+Studios/; https://steamdb.info/https://steamdb.info/developer/Virtual+Basement+LLC/";Studio Wildcard;https://steamdb.info/https://steamdb.info/publisher/Studio+Wildcard/;64748;65516;248405
Mount & Blade II: Bannerlord;Medieval Strategy Open World RPG War Multiplayer;86.82%;TaleWorlds Entertainment;https://steamdb.info/https://steamdb.info/developer/TaleWorlds+Entertainment/;does not exist;does not exist;26204;26310;248216
PAYDAY 2;Co-op Action FPS Heist Looter Shooter Multiplayer;88.92%;OVERKILL - a Starbreeze Studio.;https://steamdb.info/https://steamdb.info/developer/OVERKILL+-+a+Starbreeze+Studio./;Starbreeze Publishing AB;https://steamdb.info/https://steamdb.info/publisher/Starbreeze+Publishing+AB/;35955;48731;247709
Rust;Survival Crafting Multiplayer Open World Open World Survival Craft;86.31%;Facepunch Studios;https://steamdb.info/https://steamdb.info/developer/Facepunch+Studios/;does not exist;does not exist;108032;137694;245243
Envoy 2;Indie Adventure Simulation;does not exist;Riviysky;https://steamdb.info/https://steamdb.info/developer/Riviysky/;does not exist;does not exist;0;0;244375
MONSTER HUNTER RISE;Action RPG Online Co-Op Multiplayer Hunting;85.27%;CAPCOM Co., Ltd.;https://steamdb.info/https://steamdb.info/developer/CAPCOM+Co.%2C+Ltd./;does not exist;does not exist;36027;36355;231360
For Honor;Medieval Swordplay Action Multiplayer PvP;68.43%;"Ubisoft Montreal; Ubisoft Quebec; Ubisoft Toronto; Blue Byte";"https://steamdb.info/https://steamdb.info/developer/Ubisoft+Montreal/; https://steamdb.info/https://steamdb.info/developer/Ubisoft+Quebec/; https://steamdb.info/https://steamdb.info/developer/Ubisoft+Toronto/; https://steamdb.info/https://steamdb.info/developer/Blue+Byte/";Ubisoft;https://steamdb.info/https://steamdb.info/publisher/Ubisoft/;4443;5644;225831
Braveland;Strategy RPG Turn-Based Strategy Indie Turn-Based;79.04%;Tortuga Team;https://steamdb.info/https://steamdb.info/developer/Tortuga+Team/;does not exist;does not exist;3;7;218169
Gene Shift Auto;Battle Royale Hero Shooter Competitive Free to Play;78.67%;Nik Nak Studios;https://steamdb.info/https://steamdb.info/developer/Nik+Nak+Studios/;does not exist;does not exist;32;55;214143
No Man's Sky;Open World Open World Survival Craft Space;76.88%;Hello Games;https://steamdb.info/https://steamdb.info/developer/Hello+Games/;does not exist;does not exist;9891;11505;212613
Dota Underlords;Free to Play Strategy Casual Auto Battler Multiplayer;81.37%;Valve;https://steamdb.info/https://steamdb.info/developer/Valve/;does not exist;does not exist;2805;2833;202334
Tom Clancy's Rainbow Six Siege;FPS Hero Shooter Multiplayer Tactical Shooter;85.91%;Ubisoft Montreal;https://steamdb.info/https://steamdb.info/developer/Ubisoft+Montreal/;Ubisoft;https://steamdb.info/https://steamdb.info/publisher/Ubisoft/;77094;85670;201053
New World Public Test Realm;does not exist;does not exist;does not exist;does not exist;does not exist;does not exist;30;42;200856
Total War: THREE KINGDOMS;Strategy Historical War Turn-Based Strategy;70.45%;"CREATIVE ASSEMBLY; Feral Interactive (Mac); Feral Interactive (Linux)";"https://steamdb.info/https://steamdb.info/developer/CREATIVE+ASSEMBLY/; https://steamdb.info/https://steamdb.info/developer/Feral+Interactive+%28Mac%29/; https://steamdb.info/https://steamdb.info/developer/Feral+Interactive+%28Linux%29/";"SEGA; Feral Interactive (Mac); Feral Interactive (Linux)";"https://steamdb.info/https://steamdb.info/publisher/SEGA/; https://steamdb.info/https://steamdb.info/publisher/Feral+Interactive+%28Mac%29/; https://steamdb.info/https://steamdb.info/publisher/Feral+Interactive+%28Linux%29/";8343;8669;192298
A Story About My Uncle;Adventure First-Person Parkour Singleplayer;89.88%;Gone North Games;https://steamdb.info/https://steamdb.info/developer/Gone+North+Games/;Coffee Stain Publishing;https://steamdb.info/https://steamdb.info/publisher/Coffee+Stain+Publishing/;11;24;190590
Warframe;Free to Play Action RPG Looter Shooter Third-Person Shooter;85.84%;Digital Extremes;https://steamdb.info/https://steamdb.info/developer/Digital+Extremes/;does not exist;does not exist;55425;56859;189837
Football Manager 2020;Simulation Sports Management Football (Soccer);87.43%;Sports Interactive;https://steamdb.info/https://steamdb.info/developer/Sports+Interactive/;SEGA;https://steamdb.info/https://steamdb.info/publisher/SEGA/;3938;4137;189464
NARAKA: BLADEPOINT;Battle Royale Multiplayer Martial Arts PvP;65.88%;24 Entertainment;https://steamdb.info/https://steamdb.info/developer/24+Entertainment/;NetEase Games Global;https://steamdb.info/https://steamdb.info/publisher/NetEase+Games+Global/;117302;124352;187468
NARAKA: BLADEPOINT Demo;does not exist;does not exist;24 Entertainment;https://steamdb.info/https://steamdb.info/developer/24+Entertainment/;NetEase Games Montréal;https://steamdb.info/https://steamdb.info/publisher/NetEase+Games+Montr%C3%A9al/;0;0;186589
Source SDK Base 2013 Multiplayer;does not exist;does not exist;does not exist;does not exist;does not exist;does not exist;149;178;184888
鬼谷八荒 Tale of Immortal;Tactical RPG Management Singleplayer Mythology;50.61%;鬼谷工作室;https://steamdb.info/https://steamdb.info/developer/%E9%AC%BC%E8%B0%B7%E5%B7%A5%E4%BD%9C%E5%AE%A4/;"鬼谷工作室; Lightning Games";"https://steamdb.info/https://steamdb.info/publisher/%E9%AC%BC%E8%B0%B7%E5%B7%A5%E4%BD%9C%E5%AE%A4/; https://steamdb.info/https://steamdb.info/publisher/Lightning+Games/";11097;11173;184171
Hyperdrive Massacre;Action Indie Local Multiplayer Arcade Casual;54.39%;34BigThings srl;https://steamdb.info/https://steamdb.info/developer/34BigThings+srl/;"34BigThings srl; Digital Tribe";"https://steamdb.info/https://steamdb.info/publisher/34BigThings+srl/; https://steamdb.info/https://steamdb.info/publisher/Digital+Tribe/";0;3;181308
Evolvation;Massively Multiplayer Action Indie Casual Simulation;66.21%;"Eric Ruts; Jacob Kooiman";"https://steamdb.info/https://steamdb.info/developer/Eric+Ruts/; https://steamdb.info/https://steamdb.info/developer/Jacob+Kooiman/";HyperReuts;https://steamdb.info/https://steamdb.info/publisher/HyperReuts/;0;2;172870
Fall Guys;Multiplayer Party Game Family Friendly Battle Royale;80.68%;Mediatonic;https://steamdb.info/https://steamdb.info/developer/Mediatonic/;does not exist;does not exist;3372;3738;172213
Call of Duty®: Modern Warfare® II - Open Beta;Action Shooter FPS Military First-Person;does not exist;"Infinity Ward; Raven Software; Beenox; Treyarch; High Moon Studios; Sledgehammer Games; Activision Shanghai; Demonware; Toys for Bob";"https://steamdb.info/https://steamdb.info/developer/Infinity+Ward/; https://steamdb.info/https://steamdb.info/developer/Raven+Software/; https://steamdb.info/https://steamdb.info/developer/Beenox/; https://steamdb.info/https://steamdb.info/developer/Treyarch/; https://steamdb.info/https://steamdb.info/developer/High+Moon+Studios/; https://steamdb.info/https://steamdb.info/developer/Sledgehammer+Games/; https://steamdb.info/https://steamdb.info/developer/Activision+Shanghai/; https://steamdb.info/https://steamdb.info/developer/Demonware/; https://steamdb.info/https://steamdb.info/developer/Toys+for+Bob/";Activision;https://steamdb.info/https://steamdb.info/publisher/Activision/;0;0;168330
Team Fortress 2;Free to Play Hero Shooter Multiplayer FPS;93.06%;Valve;https://steamdb.info/https://steamdb.info/developer/Valve/;does not exist;does not exist;92823;96403;167951
Total War: WARHAMMER III;Early Access Strategy Turn-Based Strategy;73.19%;"CREATIVE ASSEMBLY; Feral Interactive";"https://steamdb.info/https://steamdb.info/developer/CREATIVE+ASSEMBLY/; https://steamdb.info/https://steamdb.info/developer/Feral+Interactive/";"SEGA; Feral Interactive";"https://steamdb.info/https://steamdb.info/publisher/SEGA/; https://steamdb.info/https://steamdb.info/publisher/Feral+Interactive/";41223;43164;166754
DISTRAINT: Deluxe Edition;Indie Horror Psychological Horror Pixel Graphics;90.68%;Jesse Makkonen;https://steamdb.info/https://steamdb.info/developer/Jesse+Makkonen/;does not exist;does not exist;14;20;165266
The Tiny Bang Story;Point & Click Puzzle Hand-drawn Steampunk;84.85%;Colibri Games;https://steamdb.info/https://steamdb.info/developer/Colibri+Games/;does not exist;does not exist;8;14;164840
Company of Heroes 2;Strategy World War II RTS Multiplayer Tactical;77.74%;"Relic Entertainment; Feral Interactive (Mac); Feral Interactive (Linux)";"https://steamdb.info/https://steamdb.info/developer/Relic+Entertainment/; https://steamdb.info/https://steamdb.info/developer/Feral+Interactive+%28Mac%29/; https://steamdb.info/https://steamdb.info/developer/Feral+Interactive+%28Linux%29/";"SEGA; Feral Interactive (Mac); Feral Interactive (Linux)";"https://steamdb.info/https://steamdb.info/publisher/SEGA/; https://steamdb.info/https://steamdb.info/publisher/Feral+Interactive+%28Mac%29/; https://steamdb.info/https://steamdb.info/publisher/Feral+Interactive+%28Linux%29/";8087;8532;164688
Sid Meier's Civilization VI;Strategy Turn-Based Strategy Multiplayer Historical;83.92%;"Firaxis Games; Aspyr (Mac); Aspyr (Linux)";"https://steamdb.info/https://steamdb.info/developer/Firaxis+Games/; https://steamdb.info/https://steamdb.info/developer/Aspyr+%28Mac%29/; https://steamdb.info/https://steamdb.info/developer/Aspyr+%28Linux%29/";"2K; Aspyr (Mac); Aspyr (Linux)";"https://steamdb.info/https://steamdb.info/publisher/2K/; https://steamdb.info/https://steamdb.info/publisher/Aspyr+%28Mac%29/; https://steamdb.info/https://steamdb.info/publisher/Aspyr+%28Linux%29/";64116;70483;162657
Left 4 Dead 2;Zombies Co-op FPS Multiplayer Shooter;96.70%;Valve;https://steamdb.info/https://steamdb.info/developer/Valve/;does not exist;does not exist;30779;37856;162399
Halo: The Master Chief Collection;Great Soundtrack FPS Classic Multiplayer;91.62%;"343 Industries; Splash Damage; Ruffian Games; Bungie; Saber Interactive";"https://steamdb.info/https://steamdb.info/developer/343+Industries/; https://steamdb.info/https://steamdb.info/developer/Splash+Damage/; https://steamdb.info/https://steamdb.info/developer/Ruffian+Games/; https://steamdb.info/https://steamdb.info/developer/Bungie/; https://steamdb.info/https://steamdb.info/developer/Saber+Interactive/";Xbox Game Studios;https://steamdb.info/https://steamdb.info/publisher/Xbox+Game+Studios/;2353;5007;161024
Path of Exile;Free to Play Action RPG Hack and Slash RPG;86.76%;Grinding Gear Games;https://steamdb.info/https://steamdb.info/developer/Grinding+Gear+Games/;does not exist;does not exist;18587;20396;158882
Battlefield™ 2042 Open Beta;does not exist;does not exist;does not exist;does not exist;does not exist;does not exist;0;1;156665
Orwell;Choices Matter Political Sim Dystopian Story Rich;88.75%;Osmotic Studios;https://steamdb.info/https://steamdb.info/developer/Osmotic+Studios/;does not exist;does not exist;30;34;154375
MultiVersus;Multiplayer 2D Fighter Co-op Action Competitive;85.82%;Player First Games;https://steamdb.info/https://steamdb.info/developer/Player+First+Games/;Warner Bros. Games;https://steamdb.info/https://steamdb.info/publisher/Warner+Bros.+Games/;447;871;153433
Z1 Battle Royale;Survival Massively Multiplayer Multiplayer Open World;55.39%;Daybreak Game Company;https://steamdb.info/https://steamdb.info/developer/Daybreak+Game+Company/;does not exist;does not exist;302;302;151239
V Rising;Survival Open World Crafting Vampire Base Building;87.14%;Stunlock Studios;https://steamdb.info/https://steamdb.info/developer/Stunlock+Studios/;does not exist;does not exist;4922;5246;150645
Murderous Pursuits;Action Simulation Indie Strategy Stealth Multiplayer;62.33%;Blazing Griffin;https://steamdb.info/https://steamdb.info/developer/Blazing+Griffin/;does not exist;does not exist;2;6;149224
NARAKA: BLADEPOINT Playtest;does not exist;does not exist;does not exist;does not exist;does not exist;does not exist;0;0;148931
BROKE PROTOCOL: Online City RPG;Life Sim Indie Multiplayer Open World Sandbox;72.26%;Cylinder Studios;https://steamdb.info/https://steamdb.info/developer/Cylinder+Studios/;does not exist;does not exist;44;53;147854
Rocket League;Multiplayer Football (Soccer) Competitive Sports;87.95%;Psyonix LLC;https://steamdb.info/https://steamdb.info/developer/Psyonix+LLC/;does not exist;does not exist;25404;48235;147632
Wallpaper Engine;Application Mature Utilities Software Anime;97.26%;Wallpaper Engine Team;https://steamdb.info/https://steamdb.info/developer/Wallpaper+Engine+Team/;does not exist;does not exist;105922;117617;147019
Layers of Fear (2016);Horror Psychological Horror Atmospheric Walking Simulator;87.17%;Bloober Team SA;https://steamdb.info/https://steamdb.info/developer/Bloober+Team+SA/;does not exist;does not exist;51;53;145384
New World Open Beta;does not exist;does not exist;does not exist;does not exist;does not exist;does not exist;0;0;141668
Crusader Kings II;Grand Strategy Strategy Medieval Historical;88.71%;Paradox Development Studio;https://steamdb.info/https://steamdb.info/developer/Paradox+Development+Studio/;Paradox Interactive;https://steamdb.info/https://steamdb.info/publisher/Paradox+Interactive/;2927;3654;141439
Fortified;Action Tower Defense Indie Co-op Strategy;72.79%;Siege Camp;https://steamdb.info/https://steamdb.info/developer/Siege+Camp/;does not exist;does not exist;0;5;138627
Party Animals Demo;does not exist;does not exist;Recreate Games;https://steamdb.info/https://steamdb.info/developer/Recreate+Games/;Source Technology;https://steamdb.info/https://steamdb.info/publisher/Source+Technology/;0;0;135843
Source SDK Base 2007;does not exist;does not exist;does not exist;does not exist;does not exist;does not exist;81723;96001;133175
XCOM 2;Strategy Turn-Based Turn-Based Strategy Tactical;82.90%;"Firaxis Games; Feral Interactive (Mac); Feral Interactive (Linux)";"https://steamdb.info/https://steamdb.info/developer/Firaxis+Games/; https://steamdb.info/https://steamdb.info/developer/Feral+Interactive+%28Mac%29/; https://steamdb.info/https://steamdb.info/developer/Feral+Interactive+%28Linux%29/";"2K; Feral Interactive (Mac); Feral Interactive (Linux)";"https://steamdb.info/https://steamdb.info/publisher/2K/; https://steamdb.info/https://steamdb.info/publisher/Feral+Interactive+%28Mac%29/; https://steamdb.info/https://steamdb.info/publisher/Feral+Interactive+%28Linux%29/";4911;5373;133022
DARK SOULS™ III;Souls-like Dark Fantasy Difficult RPG Atmospheric;93.12%;FromSoftware, Inc.;https://steamdb.info/https://steamdb.info/developer/FromSoftware%2C+Inc./;"FromSoftware, Inc.; Bandai Namco Entertainment";"https://steamdb.info/https://steamdb.info/publisher/FromSoftware%2C+Inc./; https://steamdb.info/https://steamdb.info/publisher/Bandai+Namco+Entertainment/";6466;7104;129975
Hacknet;Hacking Simulation Programming Typing Story Rich;91.42%;Team Fractal Alligator;https://steamdb.info/https://steamdb.info/developer/Team+Fractal+Alligator/;Fellow Traveller;https://steamdb.info/https://steamdb.info/publisher/Fellow+Traveller/;77;85;127640
Wolcen: Lords of Mayhem;Hack and Slash Action RPG Isometric Multiplayer;56.27%;WOLCEN Studio;https://steamdb.info/https://steamdb.info/developer/WOLCEN+Studio/;does not exist;does not exist;1871;1871;127542
Human: Fall Flat;Co-op Funny Puzzle Adventure Physics Sandbox;93.55%;No Brakes Games;https://steamdb.info/https://steamdb.info/developer/No+Brakes+Games/;Curve Games;https://steamdb.info/https://steamdb.info/publisher/Curve+Games/;3576;4541;127517
Sekiro™: Shadows Die Twice;Souls-like Difficult Action Singleplayer Ninja;94.15%;FromSoftware;https://steamdb.info/https://steamdb.info/developer/FromSoftware/;"Activision (Excluding Japan and Asia); FromSoftware (Japan); 方块游戏 (Asia)";"https://steamdb.info/https://steamdb.info/publisher/Activision+%28Excluding+Japan+and+Asia%29/; https://steamdb.info/https://steamdb.info/publisher/FromSoftware+%28Japan%29/; https://steamdb.info/https://steamdb.info/publisher/%E6%96%B9%E5%9D%97%E6%B8%B8%E6%88%8F+%28Asia%29/";10541;11664;125315
OUTRIDERS;Looter Shooter RPG Co-op Third-Person Shooter;65.23%;People Can Fly;https://steamdb.info/https://steamdb.info/developer/People+Can+Fly/;Square Enix;https://steamdb.info/https://steamdb.info/publisher/Square+Enix/;433;595;125143
Borderlands 2;Loot Shooter Action Multiplayer Co-op Looter Shooter;92.77%;"Gearbox Software; Aspyr (Mac); Aspyr (Linux)";"https://steamdb.info/https://steamdb.info/developer/Gearbox+Software/; https://steamdb.info/https://steamdb.info/developer/Aspyr+%28Mac%29/; https://steamdb.info/https://steamdb.info/developer/Aspyr+%28Linux%29/";"2K; Aspyr (Mac); Aspyr (Linux)";"https://steamdb.info/https://steamdb.info/publisher/2K/; https://steamdb.info/https://steamdb.info/publisher/Aspyr+%28Mac%29/; https://steamdb.info/https://steamdb.info/publisher/Aspyr+%28Linux%29/";3274;4546;124678
Back 4 Blood Beta;Online Co-Op Zombies Action FPS Shooter;does not exist;Turtle Rock Studios;https://steamdb.info/https://steamdb.info/developer/Turtle+Rock+Studios/;Warner Bros. Games;https://steamdb.info/https://steamdb.info/publisher/+Warner+Bros.+Games/;0;1;122659
Prismata;Early Access Strategy Indie Free to Play Card Game;78.61%;Lunarch Studios;https://steamdb.info/https://steamdb.info/developer/Lunarch+Studios/;does not exist;does not exist;9;61;122553
Insurgency;FPS Realistic Tactical Multiplayer Shooter;90.55%;New World Interactive;https://steamdb.info/https://steamdb.info/developer/New+World+Interactive/;does not exist;does not exist;572;636;121575
Eador. Masters of the Broken World;Strategy Turn-Based Strategy Fantasy Turn-Based;66.66%;Snowbird Games;https://steamdb.info/https://steamdb.info/developer/Snowbird+Games/;does not exist;does not exist;66;72;118780
Call of Duty: Black Ops - Multiplayer;Action;does not exist;Treyarch;https://steamdb.info/https://steamdb.info/developer/Treyarch/;Activision;https://steamdb.info/https://steamdb.info/publisher/Activision/;266;373;118593
Total War: ROME II - Emperor Edition;Strategy Historical Turn-Based Strategy Grand Strategy;80.66%;CREATIVE ASSEMBLY;https://steamdb.info/https://steamdb.info/developer/CREATIVE+ASSEMBLY/;SEGA;https://steamdb.info/https://steamdb.info/publisher/SEGA/;5868;6850;118240
Tom Clancy's The Division;Open World Looter Shooter Multiplayer Third-Person Shooter;68.85%;Massive Entertainment;https://steamdb.info/https://steamdb.info/developer/Massive+Entertainment/;Ubisoft;https://steamdb.info/https://steamdb.info/publisher/Ubisoft/;992;1058;114228
Total War: WARHAMMER;Strategy Fantasy RTS War Turn-Based Strategy;77.00%;"CREATIVE ASSEMBLY; Feral Interactive (Linux); Feral Interactive (Mac)";"https://steamdb.info/https://steamdb.info/developer/CREATIVE+ASSEMBLY/; https://steamdb.info/https://steamdb.info/developer/Feral+Interactive+%28Linux%29/; https://steamdb.info/https://steamdb.info/developer/Feral+Interactive+%28Mac%29/";"SEGA; Feral Interactive (Linux); Feral Interactive (Mac)";"https://steamdb.info/https://steamdb.info/publisher/SEGA/; https://steamdb.info/https://steamdb.info/publisher/Feral+Interactive+%28Linux%29/; https://steamdb.info/https://steamdb.info/publisher/Feral+Interactive+%28Mac%29/";964;1011;113019
Call of Duty: Modern Warfare 2 (2009) - Multiplayer;Action;does not exist;Infinity Ward;https://steamdb.info/https://steamdb.info/developer/Infinity+Ward/;Activision;https://steamdb.info/https://steamdb.info/publisher/Activision/;378;513;112874
Phasmophobia;Horror Online Co-Op Multiplayer Psychological Horror;95.88%;Kinetic Games;https://steamdb.info/https://steamdb.info/developer/Kinetic+Games/;does not exist;does not exist;13680;22281;112717
Unturned;Free to Play Survival Zombies Multiplayer Open World;90.71%;Smartly Dressed Games;https://steamdb.info/https://steamdb.info/developer/Smartly+Dressed+Games/;does not exist;does not exist;41673;42111;112703
EA SPORTS™ FIFA 23;Football (Soccer) Sports eSports Controller;50.38%;EA Canada & EA Romania;https://steamdb.info/https://steamdb.info/developer/EA+Canada+%26+EA+Romania/;Electronic Arts;https://steamdb.info/https://steamdb.info/publisher/Electronic+Arts/;53553;63345;110878
Dark and Darker Demo;does not exist;does not exist;IRONMACE;https://steamdb.info/https://steamdb.info/developer/IRONMACE/;does not exist;does not exist;0;0;108520
Warhammer 40,000: Darktide;Warhammer 40K Gore Adventure Online Co-Op;54.01%;Fatshark;https://steamdb.info/https://steamdb.info/developer/Fatshark/;does not exist;does not exist;5775;7550;108395
FIFA 22;Football (Soccer) Sports Multiplayer Controller;79.24%;EA Canada & EA Romania;https://steamdb.info/https://steamdb.info/developer/EA+Canada+%26+EA+Romania/;Electronic Arts;https://steamdb.info/https://steamdb.info/publisher/Electronic+Arts/;14651;17443;108295
Dread Hunger;Multiplayer Survival Social Deduction Online Co-Op;60.90%;Dread Hunger Team;https://steamdb.info/https://steamdb.info/developer/Dread+Hunger+Team/;Digital Confectioners;https://steamdb.info/https://steamdb.info/publisher/Digital+Confectioners/;9820;10345;107982
Guns of Icarus Online;Steampunk Team-Based Multiplayer Co-op;87.91%;Muse Games;https://steamdb.info/https://steamdb.info/developer/Muse+Games/;does not exist;does not exist;2;47;107883
Resident Evil Village;Survival Horror Horror First-Person Singleplayer;94.27%;CAPCOM Co., Ltd.;https://steamdb.info/https://steamdb.info/developer/CAPCOM+Co.%2C+Ltd./;does not exist;does not exist;3490;3490;106631
Farming Simulator 22;Simulation Farming Sim Co-op Agriculture;88.80%;Giants Software;https://steamdb.info/https://steamdb.info/developer/Giants+Software/;does not exist;does not exist;32849;33877;105636
Realm Royale Reforged;Battle Royale Free to Play Multiplayer Shooter;74.79%;Heroic Leap Games;https://steamdb.info/https://steamdb.info/developer/Heroic+Leap+Games/;Hi-Rez Studios;https://steamdb.info/https://steamdb.info/publisher/Hi-Rez+Studios/;550;712;105440
Battlefield™ 2042;Shooter Multiplayer FPS Action War Military;34.47%;DICE;https://steamdb.info/https://steamdb.info/developer/DICE/;Electronic Arts;https://steamdb.info/https://steamdb.info/publisher/Electronic+Arts/;20328;20328;105397
Dead by Daylight;Horror Survival Horror Multiplayer Online Co-Op;80.97%;Behaviour Interactive Inc.;https://steamdb.info/https://steamdb.info/developer/Behaviour+Interactive+Inc./;does not exist;does not exist;50907;55958;105093
DOOM Eternal;Action FPS Great Soundtrack Gore Fast-Paced;89.68%;id Software;https://steamdb.info/https://steamdb.info/developer/id+Software/;Bethesda Softworks;https://steamdb.info/https://steamdb.info/publisher/Bethesda+Softworks/;1597;1967;104891
Warhammer: Vermintide 2;Co-op First-Person Dark Fantasy Games Workshop;83.58%;Fatshark;https://steamdb.info/https://steamdb.info/developer/Fatshark/;does not exist;does not exist;8017;8074;104323
The Witcher 3: Wild Hunt;Open World RPG Story Rich Atmospheric Mature;95.16%;CD PROJEKT RED;https://steamdb.info/https://steamdb.info/developer/CD+PROJEKT+RED/;does not exist;does not exist;24379;24379;103329
DELTARUNE (Chapter 1 & 2 DEMO);does not exist;does not exist;tobyfox;https://steamdb.info/https://steamdb.info/developer/tobyfox/;does not exist;does not exist;479;662;102916
Raft;Survival Open World Survival Craft Multiplayer;92.70%;Redbeet Interactive;https://steamdb.info/https://steamdb.info/developer/Redbeet+Interactive/;Axolot Games;https://steamdb.info/https://steamdb.info/publisher/Axolot+Games/;13732;14259;101096
War Thunder;Free to Play Vehicular Combat Combat VR;77.95%;Gaijin Entertainment;https://steamdb.info/https://steamdb.info/developer/Gaijin+Entertainment/;Gaijin Distribution KFT;https://steamdb.info/https://steamdb.info/publisher/Gaijin+Distribution+KFT/;91882;100779;100779
Counter-Strike: Source;Shooter Action FPS Multiplayer Team-Based;94.97%;Valve;https://steamdb.info/https://steamdb.info/developer/Valve/;does not exist;does not exist;4205;5162;100056
Crusader Kings III;Strategy Simulation RPG Grand Strategy Historical;90.85%;Paradox Development Studio;https://steamdb.info/https://steamdb.info/developer/Paradox+Development+Studio/;Paradox Interactive;https://steamdb.info/https://steamdb.info/publisher/Paradox+Interactive/;16566;18274;98872
Portal 2;Platformer Puzzle Dark Humor First-Person;97.71%;Valve;https://steamdb.info/https://steamdb.info/developer/Valve/;does not exist;does not exist;5235;6728;98460
MIR4;PvE PvP MMORPG Martial Arts RPG Demons;63.90%;Wemade Next;https://steamdb.info/https://steamdb.info/developer/Wemade+Next/;Wemade;https://steamdb.info/https://steamdb.info/publisher/Wemade/;37885;38009;97173
Terra Nil Demo;does not exist;does not exist;Free Lives;https://steamdb.info/https://steamdb.info/developer/Free+Lives/;Devolver Digital;https://steamdb.info/https://steamdb.info/publisher/Devolver+Digital/;44;51;96520
The Sims™ 4;Free to Play Life Sim Building Character Customization;85.83%;Maxis;https://steamdb.info/https://steamdb.info/developer/Maxis/;Electronic Arts;https://steamdb.info/https://steamdb.info/publisher/Electronic+Arts/;35861;42480;96328
Kingdom Come: Deliverance;Medieval RPG Open World Singleplayer Realistic;81.68%;Warhorse Studios;https://steamdb.info/https://steamdb.info/developer/Warhorse+Studios/;"Warhorse Studios; Prime Matter";"https://steamdb.info/https://steamdb.info/publisher/Warhorse+Studios/; https://steamdb.info/https://steamdb.info/publisher/Prime+Matter/";7288;7359;96069
FINAL FANTASY XIV Online;MMORPG RPG Massively Multiplayer Fantasy;87.31%;Square Enix;https://steamdb.info/https://steamdb.info/developer/Square+Enix/;does not exist;does not exist;20666;34710;95150
Stardew Valley;Farming Sim Life Sim Pixel Graphics RPG Multiplayer;97.31%;ConcernedApe;https://steamdb.info/https://steamdb.info/developer/ConcernedApe/;does not exist;does not exist;44333;48323;94879
Football Manager 2021;Sports Simulation Management Football (Soccer);91.33%;Sports Interactive;https://steamdb.info/https://steamdb.info/developer/Sports+Interactive/;SEGA;https://steamdb.info/https://steamdb.info/publisher/SEGA/;5942;6033;93865
Borderlands 3;RPG Action Looter Shooter FPS Multiplayer;83.61%;Gearbox Software;https://steamdb.info/https://steamdb.info/developer/Gearbox+Software/;2K;https://steamdb.info/https://steamdb.info/publisher/2K/;14461;15870;93820
Divinity: Original Sin 2;Tactical RPG RPG Turn-Based Strategy Story Rich;94.78%;Larian Studios;https://steamdb.info/https://steamdb.info/developer/Larian+Studios/;does not exist;does not exist;10921;11808;93701
Sins of a Solar Empire: Rebellion;Real Time Tactics Space Sim 4X RTS Grand Strategy;90.74%;"Ironclad Games; Stardock Entertainment";"https://steamdb.info/https://steamdb.info/developer/Ironclad+Games/; https://steamdb.info/https://steamdb.info/developer/Stardock+Entertainment/";Stardock Entertainment;https://steamdb.info/https://steamdb.info/publisher/Stardock+Entertainment/;558;867;93109
Far Cry 5;Open World Co-op Multiplayer Action FPS;79.20%;"Ubisoft Montreal; Red Storm; Ubisoft Shanghai; Ubisoft Toronto; Ubisoft Kiev";"https://steamdb.info/https://steamdb.info/developer/Ubisoft+Montreal/; https://steamdb.info/https://steamdb.info/developer/Red+Storm/; https://steamdb.info/https://steamdb.info/developer/Ubisoft+Shanghai/; https://steamdb.info/https://steamdb.info/developer/Ubisoft+Toronto/; https://steamdb.info/https://steamdb.info/developer/Ubisoft+Kiev/";Ubisoft;https://steamdb.info/https://steamdb.info/publisher/Ubisoft/;7118;8061;92445
Sid Meier's Civilization V;Turn-Based Strategy Strategy Turn-Based Multiplayer;94.96%;"Firaxis Games; Aspyr (Mac); Aspyr (Linux)";"https://steamdb.info/https://steamdb.info/developer/Firaxis+Games/; https://steamdb.info/https://steamdb.info/developer/Aspyr+%28Mac%29/; https://steamdb.info/https://steamdb.info/developer/Aspyr+%28Linux%29/";"2K; Aspyr (Mac); Aspyr (Linux)";"https://steamdb.info/https://steamdb.info/publisher/2K/; https://steamdb.info/https://steamdb.info/publisher/Aspyr+%28Mac%29/; https://steamdb.info/https://steamdb.info/publisher/Aspyr+%28Linux%29/";19590;23300;91363
METAL GEAR SOLID V: THE PHANTOM PAIN;Stealth Open World Action Story Rich Tactical;89.66%;Konami Digital Entertainment;https://steamdb.info/https://steamdb.info/developer/Konami+Digital+Entertainment/;does not exist;does not exist;2119;2200;91195
Battlefield™ V;FPS World War II Multiplayer Shooter Singleplayer;70.31%;DICE;https://steamdb.info/https://steamdb.info/developer/DICE/;Electronic Arts;https://steamdb.info/https://steamdb.info/publisher/Electronic+Arts/;19573;24114;89814
Tomb Raider;Adventure Action Female Protagonist Third Person;95.04%;"Crystal Dynamics; Eidos-Montréal; Feral Interactive (Mac); Nixxes";"https://steamdb.info/https://steamdb.info/developer/Crystal+Dynamics/; https://steamdb.info/https://steamdb.info/developer/Eidos-Montr%C3%A9al/; https://steamdb.info/https://steamdb.info/developer/Feral+Interactive+%28Mac%29/; https://steamdb.info/https://steamdb.info/developer/Nixxes/";"Crystal Dynamics; Feral Interactive (Mac)";"https://steamdb.info/https://steamdb.info/publisher/Crystal+Dynamics/; https://steamdb.info/https://steamdb.info/publisher/Feral+Interactive+%28Mac%29/";1032;1083;89538
Devil May Cry 5;Action Hack and Slash Great Soundtrack Character Action Game;93.97%;CAPCOM Co., Ltd.;https://steamdb.info/https://steamdb.info/developer/CAPCOM+Co.%2C+Ltd./;does not exist;does not exist;4402;4960;88894
Football Manager 2022;Action Hack and Slash Great Soundtrack Character Action Game;93.97%;CAPCOM Co., Ltd.;https://steamdb.info/https://steamdb.info/developer/CAPCOM+Co.%2C+Ltd./;does not exist;does not exist;17429;17751;88767
Starbound;Sports Management Football (Soccer) Simulation;90.34%;Sports Interactive;https://steamdb.info/https://steamdb.info/developer/Sports+Interactive/;SEGA;https://steamdb.info/https://steamdb.info/publisher/SEGA/;1834;2222;88709
Lost Ark Closed Technical Beta;Open World Survival Craft Sandbox Survival;91.54%;Chucklefish;https://steamdb.info/https://steamdb.info/developer/Chucklefish/;does not exist;does not exist;0;0;88075
